ID,Volume (L),DBH (cm),vol_opt_mean,Volume Standard Deviation (L),dbhqsm_mean (cm),DBH Standard Deviation (cm),Number of Models,Height (m),Surface Area (m^2),PatchDiam1,PatchDiam2Min,PatchDiam2Max,Processing Time,X,Y,Z,Lat,Long,Elevation
AM1_MT_Grenfell_1.0152,3468.79004,25.3198653,3078.99,773.18,39.0,13.0,4,13.3304749,0.0,0.0,0.0,0.0,0.0,-73.44244384765625,9.169334411621094,262.2420654296875,-31.302577080408785,145.30715478938632,262.2424944816157
AM1_MT_Grenfell_1.0309,3208.11157,47.159034,3190.5,37.49,47.0,1.0,4,14.8596802,0.0,0.0,0.0,0.0,0.0,-13.635919570922852,27.480791091918945,261.8983459472656,-31.302411934907322,145.3077829745246,261.89841994456947
AM1_MT_Grenfell_1.0986,2905.12305,30.243632199999997,2909.69,156.81,31.0,1.0,4,10.3665771,0.0,0.0,0.0,0.0,0.0,14.566804885864258,33.36223602294922,263.5892028808594,-31.302358891281404,145.30807920454725,263.58930709864944
AM1_MT_Grenfell_1.0249,2740.05078,50.197947,2753.05,36.44,50.0,0.0,4,14.6005554,0.0,0.0,0.0,0.0,0.0,-32.25760269165039,19.421823501586914,263.8381652832031,-31.302484616973263,145.30758737964857,263.8382764644921
AM1_MT_Grenfell_1.0170,2666.29565,39.7756726,2813.38,216.12,49.0,8.0,4,15.6912537,0.0,0.0,0.0,0.0,0.0,-25.68621826171875,58.635093688964844,262.8601379394531,-31.302130959723254,145.30765640384325,262.860460203141
AM1_MT_Grenfell_1.0984,2544.54517,32.607492799999996,2489.15,122.19,31.0,1.0,4,9.76495361,0.0,0.0,0.0,0.0,0.0,2.861665725708008,63.29713821411133,262.9736633300781,-31.302088913876226,145.3079562584611,262.973979299888
AM1_MT_Grenfell_1.0985,2482.20068,24.4995803,2726.51,587.72,24.0,11.0,4,10.7495422,0.0,0.0,0.0,0.0,0.0,42.85842514038086,15.90452766418457,265.1927795410156,-31.30251633851056,145.30837636881236,265.19294330850244
AM1_MT_Grenfell_1.0153,2013.69714,12.2142769,1946.76,216.78,15.0,6.0,4,13.9101257,0.0,0.0,0.0,0.0,0.0,15.487878799438477,77.63699340820312,262.8872985839844,-31.301959585205182,145.3080888784635,262.8877917584032
AM1_MT_Grenfell_1.0975,1926.01196,26.616698500000002,1919.78,38.05,27.0,0.0,4,11.855011,0.0,0.0,0.0,0.0,0.0,-4.507272720336914,-66.43486785888672,265.84405517578125,-31.303258942995154,145.3078788577894,265.8444041321054
AM1_MT_Grenfell_1.0290,1698.24353,40.636915,1729.78,72.46,39.0,2.0,4,13.047821,0.0,0.0,0.0,0.0,0.0,-61.45329284667969,-10.703784942626953,263.5325622558594,-31.302756313157833,145.30728071775948,263.5328670432791
AM1_MT_Grenfell_1.0316,1571.38855,37.7938896,1574.58,7.87,39.0,1.0,4,11.7252808,0.0,0.0,0.0,0.0,0.0,3.8310365676879883,-53.99097442626953,266.13037109375,-31.30314671382135,145.3079664407383,266.13060166686773
AM1_MT_Grenfell_1.0162,1385.62048,21.1017922,1382.65,31.75,21.0,0.0,4,10.1932068,0.0,0.0,0.0,0.0,0.0,27.482017517089844,21.998136520385742,264.531982421875,-31.30246138182081,145.30821486093816,264.5320796575397
AM1_MT_Grenfell_1.0046,1371.84705,30.0872386,1419.36,78.11,46.0,10.0,4,11.7037964,0.0,0.0,0.0,0.0,0.0,78.38455963134766,-11.767927169799805,268.8494873046875,-31.302765909356552,145.30874952305138,268.8499794015661
AM1_MT_Grenfell_1.0973,1320.30835,21.672803199999997,1318.77,31.28,28.000000000000004,17.0,4,8.12457275,0.0,0.0,0.0,0.0,0.0,61.346527099609375,15.131021499633789,265.7486267089844,-31.30252331380434,145.30857056055345,265.74893947225064
AM1_MT_Grenfell_1.0177,1272.87524,38.5054439,1250.49,38.95,37.0,5.0,4,13.0606384,0.0,0.0,0.0,0.0,0.0,-45.07929229736328,44.9156494140625,262.33111572265625,-31.30225469228713,145.30745270671952,262.3314336547628
AM1_MT_Grenfell_1.0132,1094.08923,35.2793187,1093.36,14.47,35.0,1.0,4,11.2324524,0.0,0.0,0.0,0.0,0.0,-31.708881378173828,-66.36614227294922,264.6011962890625,-31.303258322865872,145.307593140519,264.601621680893
AM1_MT_Grenfell_1.0747,1089.16565,19.4079831,1110.88,40.66,19.0,0.0,4,11.5375061,0.0,0.0,0.0,0.0,0.0,-2.4421279430389404,8.653412818908691,264.82763671875,-31.302581735758384,145.307900549605,264.82764307782054
AM1_MT_Grenfell_1.0963,1086.01709,23.4101862,1086.49,16.8,23.0,0.0,4,10.4692688,0.0,0.0,0.0,0.0,0.0,47.789432525634766,-10.02641773223877,267.3941650390625,-31.302750204692785,145.30842816324076,267.39435181673616
AM1_MT_Grenfell_1.0037,1064.97107,41.1575973,1093.24,35.73,42.0,1.0,4,13.4048157,0.0,0.0,0.0,0.0,0.0,-41.240142822265625,46.77175521850586,262.21832275390625,-31.302237952538103,145.30749303161085,262.21862812526524
AM1_MT_Grenfell_1.0458,1053.60657,33.217084400000005,1052.61,8.27,33.0,0.0,4,11.4464111,0.0,0.0,0.0,0.0,0.0,1.0700769424438477,22.544448852539062,263.3370056152344,-31.302456455015825,145.30793744043874,263.3370457049459
AM1_MT_Grenfell_1.0967,1017.09875,37.1599823,1011.33,35.54,36.0,1.0,4,9.37368774,0.0,0.0,0.0,0.0,0.0,-7.529685020446777,-46.363529205322266,265.65374755859375,-31.303077923330765,145.30784711146273,265.65392117667943
AM1_MT_Grenfell_1.0492,977.03363,36.8130416,976.07,16.57,25.0,9.0,4,10.1637573,0.0,0.0,0.0,0.0,0.0,69.3843002319336,-12.736608505249023,268.4437561035156,-31.302774646287887,145.30865498778596,268.4441459104419
AM1_MT_Grenfell_1.0547,887.572998,24.136284,890.06,21.55,23.0,1.0,4,9.15026855,0.0,0.0,0.0,0.0,0.0,-25.574480056762695,28.334503173828125,261.87237548828125,-31.302404235229425,145.30765757667623,261.8724898993969
AM1_MT_Grenfell_1.0219,877.74231,24.532742799999998,866.49,14.46,22.0,2.0,4,10.2368164,0.0,0.0,0.0,0.0,0.0,15.097103118896484,43.87760543823242,262.6247253417969,-31.302264055011918,145.30808477444856,262.6248947158456
AM1_MT_Grenfell_1.0108,862.203613,34.2544556,852.34,25.68,33.0,8.0,4,10.0798035,0.0,0.0,0.0,0.0,0.0,20.010986328125,19.942401885986328,264.10858154296875,-31.302479922254474,145.30813638825822,264.10864420514554
AM1_MT_Grenfell_1.0951,826.752258,29.361176500000003,813.39,19.78,30.0,0.0,4,9.93560791,0.0,0.0,0.0,0.0,0.0,-8.625236511230469,41.366512298583984,262.80902099609375,-31.302286702184187,145.30783560487012,262.8091614982113
AM1_MT_Grenfell_1.0243,790.519714,29.4330031,791.03,13.09,30.0,0.0,4,10.8740234,0.0,0.0,0.0,0.0,0.0,38.89206314086914,-9.559611320495605,267.0604553222656,-31.302745994989323,145.3083347085776,267.0605809772387
AM1_MT_Grenfell_1.0228,747.4198,29.8207134,738.9,59.82,21.0,6.0,4,8.8293457,0.0,0.0,0.0,0.0,0.0,9.627437591552734,11.730353355407715,264.16741943359375,-31.302553985350063,145.3080273236488,264.1674375208095
AM1_MT_Grenfell_1.0120,738.26239,30.377915500000004,717.12,44.98,30.0,0.0,4,10.0944824,0.0,0.0,0.0,0.0,0.0,0.4835343658924103,41.45315933227539,262.7324523925781,-31.302285920757605,145.3079312796197,262.7325876522809
AM1_MT_Grenfell_1.0627,736.998718,32.3468983,729.31,20.47,33.0,0.0,4,9.87078857,0.0,0.0,0.0,0.0,0.0,-13.179803848266602,17.331758499145508,264.0053405761719,-31.302503467264213,145.3077877652938,264.0053778216243
AM1_MT_Grenfell_1.0193,710.11438,20.8580554,710.62,1.89,21.0,0.0,4,10.4448853,0.0,0.0,0.0,0.0,0.0,-0.313618540763855,-34.99235534667969,265.9409484863281,-31.30297536883844,145.307922906634,265.9410448623821
AM1_MT_Grenfell_1.0082,699.259766,36.5009993,704.18,47.46,35.0,1.0,4,8.09561157,0.0,0.0,0.0,0.0,0.0,36.35960388183594,54.70533752441406,263.8114929199219,-31.302166401273176,145.30830810642178,263.8118319930509
AM1_MT_Grenfell_1.0212,673.508118,29.677027499999998,670.62,9.59,28.999999999999996,0.0,4,9.1416626,0.0,0.0,0.0,0.0,0.0,-43.1650276184082,4.396477222442627,263.9818115234375,-31.302620127473443,145.30747281172356,263.98195896856487
AM1_MT_Grenfell_1.0071,670.938232,38.9887959,670.02,24.08,32.0,13.0,4,12.1992188,0.0,0.0,0.0,0.0,0.0,41.93059158325195,-52.20915985107422,267.9351501464844,-31.30313064308592,145.30836662588183,267.93550237454474
AM1_MT_Grenfell_1.0981,668.697266,27.3091853,664.38,9.15,27.0,0.0,4,9.73498535,0.0,0.0,0.0,0.0,0.0,-17.77927017211914,-14.668190956115723,265.0760498046875,-31.30279206886591,145.30773945376868,265.07609149441123
AM1_MT_Grenfell_1.0954,663.43634,32.3863238,659.94,11.46,33.0,0.0,4,9.82470703,0.0,0.0,0.0,0.0,0.0,-33.438880920410156,-20.856082916259766,264.48406982421875,-31.302847875992654,145.30757497065636,264.4841916291043
AM1_MT_Grenfell_1.0281,638.52063,33.828479099999996,630.48,15.46,35.0,1.0,4,7.76672363,0.0,0.0,0.0,0.0,0.0,-42.382896423339844,53.92155075073242,262.0348205566406,-31.302173469763613,145.30748102889666,262.0351900747046
AM1_MT_Grenfell_1.0080,636.225281,29.7026396,627.94,29.96,30.0,0.0,4,8.9659729,0.0,0.0,0.0,0.0,0.0,10.94520378112793,-33.68936538696289,266.2161560058594,-31.30296361735015,145.30804116541464,266.2162547148764
AM1_MT_Grenfell_1.0085,625.088989,33.1143826,605.65,25.51,33.0,0.0,4,9.99853516,0.0,0.0,0.0,0.0,0.0,-43.431453704833984,-34.071346282958984,264.1461486816406,-31.30296706170595,145.30747001162544,264.1463877763599
AM1_MT_Grenfell_1.0401,624.28418,25.7117361,628.04,10.04,26.0,0.0,4,8.67752075,0.0,0.0,0.0,0.0,0.0,-32.9249382019043,-45.75716781616211,264.3174133300781,-31.30307245431574,145.30758036809874,264.3176630139351
AM1_MT_Grenfell_1.0086,608.346252,29.4984311,617.43,39.74,30.0,0.0,4,12.8540955,0.0,0.0,0.0,0.0,0.0,-72.6136474609375,-6.8577399253845215,263.2041320800781,-31.302721625740478,145.30716349369774,263.2045487333089
AM1_MT_Grenfell_1.0299,598.003174,31.8242639,604.36,13.92,30.0,3.0,4,8.91339111,0.0,0.0,0.0,0.0,0.0,21.02564811706543,-0.11811496317386627,266.4088134765625,-31.30266084436394,145.30814704620659,266.40884809941053
AM1_MT_Grenfell_1.0291,592.802124,33.9596838,614.37,29.85,34.0,0.0,4,8.55935669,0.0,0.0,0.0,0.0,0.0,20.57930564880371,73.83080291748047,263.5001525878906,-31.301993912535327,145.30814235657064,263.5006147697568
AM1_MT_Grenfell_1.0142,576.234863,9.15243626,562.39,26.77,10.0,3.0,4,8.03134155,0.0,0.0,0.0,0.0,0.0,46.8609733581543,-25.27302360534668,267.84844970703125,-31.30288771098402,145.30841841172995,267.8486719587818
AM1_MT_Grenfell_1.0969,570.433289,27.7831763,571.92,9.84,28.000000000000004,1.0,4,8.00152588,0.0,0.0,0.0,0.0,0.0,16.239835739135742,-23.67279052734375,266.55535888671875,-31.302873279657494,145.30809677822776,266.5554236471653
AM1_MT_Grenfell_1.0976,569.587708,26.260519,569.94,2.38,26.0,0.0,4,9.04830933,0.0,0.0,0.0,0.0,0.0,-27.60300064086914,-5.457392692565918,264.3523254394531,-31.302708998192262,145.30763626908765,264.35238745529205
AM1_MT_Grenfell_1.0222,563.773438,32.087189,562.32,23.44,32.0,1.0,4,8.97271729,0.0,0.0,0.0,0.0,0.0,25.46904182434082,-46.471099853515625,267.185791015625,-31.303078893135098,145.3081937190769,267.18601178284734
AM1_MT_Grenfell_1.0008,557.432739,27.3704261,570.75,24.51,28.999999999999996,2.0,4,9.63256836,0.0,0.0,0.0,0.0,0.0,23.857662200927734,51.761375427246094,263.1916809082031,-31.302192952608852,145.30817679149615,263.19193635322154
AM1_MT_Grenfell_1.0239,551.178101,25.772044100000002,556.74,7.62,28.000000000000004,2.0,4,10.242981,0.0,0.0,0.0,0.0,0.0,-56.15191650390625,-7.831727504730225,263.6949768066406,-31.302730410862093,145.30733640166295,263.6952285738662
AM1_MT_Grenfell_1.0176,548.536316,29.386031600000003,507.72,53.64,26.0,4.0,4,8.62789917,0.0,0.0,0.0,0.0,0.0,-71.05615997314453,25.657236099243164,262.3132019042969,-31.302428379148385,145.30717985518143,262.31364914402366
AM1_MT_Grenfell_1.0137,546.071594,31.957984,535.72,37.05,32.0,1.0,4,8.37261963,0.0,0.0,0.0,0.0,0.0,-66.86741638183594,-29.677526473999023,263.51708984375,-31.30292743356852,145.3072238485059,263.5175093449652
AM1_MT_Grenfell_1.0437,534.819946,19.876645500000002,541.56,9.96,26.0,4.0,4,7.34954834,0.0,0.0,0.0,0.0,0.0,31.659975051879883,-34.66521453857422,267.482666015625,-31.302972417910084,145.30825874618063,267.48283909540623
AM1_MT_Grenfell_1.0477,533.402405,27.6429683,537.94,13.22,27.0,1.0,4,9.72851562,0.0,0.0,0.0,0.0,0.0,-31.65859031677246,33.098724365234375,262.32171630859375,-31.302361267446148,145.3075936717923,262.3218810269609
AM1_MT_Grenfell_1.0497,529.91687,30.1812142,529.25,9.67,31.0,1.0,4,8.28424072,0.0,0.0,0.0,0.0,0.0,-11.658967018127441,-1.899774193763733,264.99310302734375,-31.30267691295152,145.30780373936096,264.99311395641416
AM1_MT_Grenfell_1.0486,528.920227,27.3801923,523.64,8.52,28.000000000000004,0.0,4,8.76742554,0.0,0.0,0.0,0.0,0.0,-46.981014251708984,-9.082459449768066,263.8877258300781,-31.302741691388658,145.30743272940884,263.88790518883616
AM1_MT_Grenfell_1.0640,517.881409,28.3917665,518.26,8.92,28.999999999999996,1.0,4,9.25732422,0.0,0.0,0.0,0.0,0.0,23.885330200195312,16.970539093017578,264.5280456542969,-31.302506724878135,145.30817708288785,264.52811300195754
AM1_MT_Grenfell_1.0183,513.070984,25.4004389,513.42,3.69,26.0,0.0,4,10.1074524,0.0,0.0,0.0,0.0,0.0,-50.124427795410156,17.044612884521484,263.27337646484375,-31.302506055955774,145.3073997134038,263.27359610330313
AM1_MT_Grenfell_1.0971,502.034302,17.1099335,532.76,49.97,19.0,1.0,4,5.39614868,0.0,0.0,0.0,0.0,0.0,-22.51317024230957,-37.688961029052734,264.9355163574219,-31.302999688858794,145.30768973007528,264.9356678472832
AM1_MT_Grenfell_1.0112,495.573914,28.5119295,496.94,4.15,28.999999999999996,0.0,4,9.31069946,0.0,0.0,0.0,0.0,0.0,-60.39453887939453,-12.211883544921875,263.6091003417969,-31.302769914477853,145.3072918384422,263.60939774569124
AM1_MT_Grenfell_1.0083,486.152466,20.6156328,486.17,5.04,21.0,0.0,4,6.57739258,0.0,0.0,0.0,0.0,0.0,42.380062103271484,35.93629837036133,264.4725036621094,-31.30233567564655,145.30837134347613,264.4727459670976
AM1_MT_Grenfell_1.0136,483.86972,27.814763799999998,482.89,6.52,28.000000000000004,0.0,4,9.72479248,0.0,0.0,0.0,0.0,0.0,43.0228271484375,-21.580528259277344,267.6074523925781,-31.302854409221425,145.3083780970689,267.6076340107247
AM1_MT_Grenfell_1.0349,476.915741,28.0849546,480.99,5.98,28.000000000000004,0.0,4,8.84994507,0.0,0.0,0.0,0.0,0.0,-65.36068725585938,-21.796695709228516,263.5442199707031,-31.30285635788077,145.30723967518702,263.5445919409394
AM1_MT_Grenfell_1.0164,474.773499,28.702151799999996,481.13,8.25,28.000000000000004,0.0,4,8.38931274,0.0,0.0,0.0,0.0,0.0,-42.213775634765625,-9.142960548400879,264.10784912109375,-31.302742237216762,145.30748280274994,264.10799526330084
AM1_MT_Grenfell_1.0255,472.746735,19.8029652,467.52,13.3,19.0,1.0,4,8.66540527,0.0,0.0,0.0,0.0,0.0,-24.40102195739746,-52.48184585571289,264.81298828125,-31.303133103121404,145.30766990035548,264.81325169000775
AM1_MT_Grenfell_1.0066,463.594116,27.615711100000002,449.09,18.1,28.000000000000004,0.0,4,9.42803955,0.0,0.0,0.0,0.0,0.0,76.25833892822266,-16.944183349609375,268.98626708984375,-31.3028125931646,145.30872719039726,268.986745133996
AM1_MT_Grenfell_1.0358,450.156281,28.048858,444.94,12.74,28.000000000000004,0.0,4,9.04766846,0.0,0.0,0.0,0.0,0.0,-41.430362701416016,-13.981371879577637,264.14166259765625,-31.302785873988654,145.307491031234,264.14181241299957
AM1_MT_Grenfell_1.0070,448.440369,28.5512686,444.19,11.37,28.999999999999996,0.0,4,8.85379028,0.0,0.0,0.0,0.0,0.0,-29.775962829589844,-72.51689910888672,264.6927185058594,-31.3033137954465,145.30761344311728,264.6932018240914
AM1_MT_Grenfell_1.0113,447.633301,26.0114521,444.33,14.62,24.0,4.0,4,8.07629395,0.0,0.0,0.0,0.0,0.0,71.3956069946289,-2.7914602756500244,267.8027648925781,-31.302684952761645,145.30867611317274,267.8031647214666
AM1_MT_Grenfell_1.0974,445.125519,24.9581426,449.97,17.01,27.0,2.0,4,7.67694092,0.0,0.0,0.0,0.0,0.0,23.150177001953125,4.827085971832275,265.47607421875,-31.302616244472247,145.308169361373,265.47611802536994
AM1_MT_Grenfell_1.0053,443.328094,30.3899914,430.68,18.98,28.000000000000004,4.0,4,11.2462158,0.0,0.0,0.0,0.0,0.0,60.390724182128906,-41.379981994628906,269.01409912109375,-31.303032975905946,145.30856052426554,269.0145195154473
AM1_MT_Grenfell_1.0961,442.774445,12.2893505,443.25,54.88,12.0,0.0,4,8.98550415,0.0,0.0,0.0,0.0,0.0,30.03752899169922,16.979639053344727,264.8969421386719,-31.302506642673677,145.30824170314534,264.8970354916528
AM1_MT_Grenfell_1.0271,433.700134,19.008396599999998,434.15,16.39,25.0,8.0,4,9.72579956,0.0,0.0,0.0,0.0,0.0,-30.577756881713867,-74.31019592285156,264.7510681152344,-31.303329968831733,145.30760502126444,264.75157594587654
AM1_MT_Grenfell_1.0893,413.729248,17.375321699999997,411.47,4.72,17.0,0.0,4,7.97735596,0.0,0.0,0.0,0.0,0.0,31.9262752532959,-3.859318494796753,266.58856201171875,-31.302694585331793,145.30826154236865,266.58864301163703
AM1_MT_Grenfell_1.0115,411.975189,25.5729109,417.14,10.56,26.0,0.0,4,10.5913696,0.0,0.0,0.0,0.0,0.0,48.958778381347656,-4.292872428894043,266.9248046875,-31.302698494879944,145.30844044537267,266.92499386519194
AM1_MT_Grenfell_1.0979,408.116516,21.035304699999998,404.71,11.2,22.0,1.0,4,9.24591064,0.0,0.0,0.0,0.0,0.0,-49.21424865722656,-9.226884841918945,263.8005676269531,-31.302742993843705,145.3074092723184,263.80076401587576
AM1_MT_Grenfell_1.0028,405.543304,28.4171045,401.76,23.3,31.0,2.0,4,9.46826172,0.0,0.0,0.0,0.0,0.0,-85.74737548828125,0.19360311329364777,262.5762939453125,-31.30265803006758,145.3070255423597,262.5768697941676
AM1_MT_Grenfell_1.0282,397.387207,17.506533899999997,350.19,124.43,17.0,7.000000000000001,4,6.64746094,0.0,0.0,0.0,0.0,0.0,37.81221389770508,48.062721252441406,263.9796142578125,-31.302226309784352,145.30832336425365,263.979908041656
AM1_MT_Grenfell_1.0098,396.473145,30.2744448,398.8,16.66,33.0,1.0,4,7.22860718,0.0,0.0,0.0,0.0,0.0,22.521175384521484,52.205081939697266,263.12615966796875,-31.30218895092203,145.30816275360039,263.12641388736665
AM1_MT_Grenfell_1.0197,393.411987,25.217121799999997,399.31,10.93,25.0,0.0,4,8.34863281,0.0,0.0,0.0,0.0,0.0,47.15909957885742,-5.52280330657959,266.9855041503906,-31.302709587469963,145.30842154227662,266.98568072821945
AM1_MT_Grenfell_1.0172,390.873962,27.481356299999998,391.63,3.65,23.0,8.0,4,8.73995972,0.0,0.0,0.0,0.0,0.0,-55.735294342041016,-9.221055030822754,263.7945861816406,-31.302742940971836,145.30734077764086,263.79483616445214
AM1_MT_Grenfell_1.0469,387.812653,22.082424200000002,384.85,4.57,22.0,0.0,4,8.5062561,0.0,0.0,0.0,0.0,0.0,-7.649816036224365,-0.22120128571987152,265.06622314453125,-31.302661774245422,145.30784584999216,265.0662277303636
AM1_MT_Grenfell_1.0574,387.146912,22.824131,365.15,46.55,19.0,4.0,4,8.62194824,0.0,0.0,0.0,0.0,0.0,-22.079010009765625,-44.73796844482422,265.2455139160156,-31.303063262541563,145.30769429020256,265.24570961948484
AM1_MT_Grenfell_1.0278,384.192505,26.1601985,377.53,10.52,26.0,0.0,4,8.87219238,0.0,0.0,0.0,0.0,0.0,4.384390830993652,-5.117387294769287,265.64398193359375,-31.302705932055634,145.30797225278076,265.64398549869657
AM1_MT_Grenfell_1.0097,383.128143,24.1482154,389.36,9.01,24.0,1.0,4,11.8153076,0.0,0.0,0.0,0.0,0.0,-69.70128631591797,8.219408988952637,262.66168212890625,-31.30258564784963,145.30719408505848,262.662067938596
AM1_MT_Grenfell_1.0365,381.659729,19.018253700000002,382.96,2.69,19.0,0.0,4,8.39907837,0.0,0.0,0.0,0.0,0.0,-5.9482293128967285,5.096354961395264,265.2132873535156,-31.30261381619818,145.30786372285058,265.21329216845334
AM1_MT_Grenfell_1.0127,381.262726,24.0925863,379.41,6.35,24.0,0.0,4,9.34765625,0.0,0.0,0.0,0.0,0.0,4.015905380249023,-4.298116683959961,265.7105407714844,-31.302698543206894,145.30796838234335,265.710543487221
AM1_MT_Grenfell_1.0363,378.699921,22.5470871,372.06,8.08,23.0,0.0,4,9.09274292,0.0,0.0,0.0,0.0,0.0,-20.876483917236328,15.880972862243652,264.218994140625,-31.30251655152676,145.30770692236723,264.2190481228754
AM1_MT_Grenfell_1.0364,378.071716,20.7454115,377.66,1.22,21.0,0.0,4,9.61392212,0.0,0.0,0.0,0.0,0.0,-44.47197341918945,-16.558225631713867,264.07623291015625,-31.30280911404911,145.307459083136,264.0764093827456
AM1_MT_Grenfell_1.0440,376.977509,25.447911,377.49,5.97,25.0,1.0,4,9.79510498,0.0,0.0,0.0,0.0,0.0,-50.22364044189453,7.720186710357666,263.55810546875,-31.302590151258034,145.307398670868,263.5583077101037
AM1_MT_Grenfell_1.0094,372.128937,24.1411015,371.02,14.23,25.0,1.0,4,8.70498657,0.0,0.0,0.0,0.0,0.0,35.1788215637207,35.60982894897461,264.1485900878906,-31.302338620237922,145.30829570464454,264.1487868120894
AM1_MT_Grenfell_1.0305,359.791687,24.5645329,359.55,1.86,24.0,0.0,4,9.57763672,0.0,0.0,0.0,0.0,0.0,-40.06990051269531,-25.506023406982422,264.1950378417969,-31.30288981275106,145.30750532057817,264.1952147902921
AM1_MT_Grenfell_1.0150,359.461456,24.1253108,358.09,2.67,25.0,1.0,4,9.81417847,0.0,0.0,0.0,0.0,0.0,-66.26386260986328,9.28809642791748,262.986083984375,-31.302576009756155,145.30723019055173,262.9864346636459
AM1_MT_Grenfell_1.0279,358.315033,7.2556704299999994,358.1,7.67,13.0,6.0,4,7.86962891,0.0,0.0,0.0,0.0,0.0,-43.195579528808594,-31.55689811706543,264.09088134765625,-31.30294438437116,145.30747248927193,264.0911058532074
AM1_MT_Grenfell_1.0895,357.639191,23.3106628,366.78,12.16,23.0,0.0,4,8.71566772,0.0,0.0,0.0,0.0,0.0,-10.324517250061035,-8.154547691345215,265.114013671875,-31.302733323610408,145.30781775585803,265.1140272524208
AM1_MT_Grenfell_1.0752,356.047943,20.1808646,352.76,8.12,20.0,4.0,4,8.03311157,0.0,0.0,0.0,0.0,0.0,-20.363454818725586,-1.9322030544281006,264.73382568359375,-31.30267720530242,145.30771231067823,264.73385845217854
AM1_MT_Grenfell_1.0980,345.674408,17.4906969,349.81,12.21,18.0,0.0,4,7.50494385,0.0,0.0,0.0,0.0,0.0,-4.098215103149414,5.203469753265381,265.3355712890625,-31.30261285015855,145.30788315469326,265.3355747340247
AM1_MT_Grenfell_1.0960,343.748077,22.7862909,342.42,4.09,23.0,0.0,4,7.65112305,0.0,0.0,0.0,0.0,0.0,15.331023216247559,-19.487396240234375,266.3251953125,-31.302835532387807,145.30808723232622,266.32524360809475
AM1_MT_Grenfell_1.0117,340.010895,23.6379415,338.31,4.47,23.0,0.0,4,9.96884155,0.0,0.0,0.0,0.0,0.0,-19.835874557495117,15.905112266540527,264.0933837890625,-31.302516333833257,145.30771785251662,264.0934345135465
AM1_MT_Grenfell_1.0023,339.803223,31.2059373,353.71,20.77,26.0,4.0,4,8.97442627,0.0,0.0,0.0,0.0,0.0,-85.97975158691406,4.99836540222168,262.3514099121094,-31.302614696767655,145.3070231019494,262.3519908487797
AM1_MT_Grenfell_1.0982,339.438904,21.7792064,338.44,6.26,22.0,0.0,4,7.65893555,0.0,0.0,0.0,0.0,0.0,6.099836826324463,-40.95438003540039,266.14971923828125,-31.303029139200067,145.30799027139906,266.1498541580513
AM1_MT_Grenfell_1.0124,336.658264,24.045622299999998,336.77,2.6,24.0,0.0,4,9.48980713,0.0,0.0,0.0,0.0,0.0,-62.01815414428711,8.580602645874023,262.9783630371094,-31.30258239074797,145.307274785802,262.9786700643599
AM1_MT_Grenfell_1.0060,335.69281,27.8585076,326.26,22.74,26.0,3.0,4,7.00436401,0.0,0.0,0.0,0.0,0.0,-45.34034729003906,-30.512731552124023,264.0853271484375,-31.30293496714332,145.30744996141635,264.0855614254251
AM1_MT_Grenfell_1.0920,328.926239,24.6263385,326.72,2.88,24.0,2.0,4,8.4619751,0.0,0.0,0.0,0.0,0.0,23.879899978637695,-31.81319808959961,267.0137634277344,-31.302946696318024,145.30817702691874,267.01388774160296
AM1_MT_Grenfell_1.0200,325.783569,25.972256100000003,312.78,36.19,26.0,0.0,4,7.86016846,0.0,0.0,0.0,0.0,0.0,-60.69762420654297,-18.256641387939453,263.79071044921875,-31.302824431023733,145.30728865459494,263.79102522227913
AM1_MT_Grenfell_1.0156,323.978699,14.9877608,320.91,17.02,22.0,5.0,4,5.79333496,0.0,0.0,0.0,0.0,0.0,35.193016052246094,33.55271911621094,264.09344482421875,-31.302357172932247,145.3082958538132,264.09363042842597
AM1_MT_Grenfell_1.0199,320.80014,22.3059922,319.64,6.07,22.0,0.0,4,7.746521,0.0,0.0,0.0,0.0,0.0,68.34343719482422,-35.29747772216797,269.2630615234375,-31.302978118507696,145.30864405639628,269.26352539192885
AM1_MT_Grenfell_1.0227,317.122833,20.3374043,315.53,4.52,20.0,0.0,4,6.17495728,0.0,0.0,0.0,0.0,0.0,27.815950393676758,1.1832882165908813,265.9293212890625,-31.302649107108145,145.30821836895137,265.92938199453056
AM1_MT_Grenfell_1.0043,315.823395,19.2838445,331.8,23.5,21.0,2.0,4,8.02770996,0.0,0.0,0.0,0.0,0.0,7.017033100128174,-79.30668640136719,266.4348449707031,-31.303375031445164,145.30799990558458,266.43534383829683
AM1_MT_Grenfell_1.0182,306.589539,26.063895199999997,307.46,2.02,26.0,1.0,4,7.69174194,0.0,0.0,0.0,0.0,0.0,0.8382961750030518,12.809309959411621,264.3782958984375,-31.302544254481443,145.3079350059123,264.3783088652417
AM1_MT_Grenfell_1.0044,305.678223,23.991252499999998,306.74,5.05,24.0,0.0,4,8.33282471,0.0,0.0,0.0,0.0,0.0,-73.99957275390625,19.53597068786621,262.22271728515625,-31.302483585550817,145.3071489382821,262.2231761896983
AM1_MT_Grenfell_1.0822,299.403595,25.739684699999998,303.0,8.16,26.0,1.0,4,7.57998657,0.0,0.0,0.0,0.0,0.0,-39.663944244384766,-25.124801635742188,264.36749267578125,-31.302886374589693,145.30750958462698,264.3676655702293
AM1_MT_Grenfell_1.0247,297.071716,23.1926456,308.24,13.45,21.0,2.0,4,8.66976929,0.0,0.0,0.0,0.0,0.0,-71.33383178710938,17.455476760864258,262.4324951171875,-31.302502349321923,145.307176938056,262.43291762284935
AM1_MT_Grenfell_1.0734,295.591431,26.6123682,298.4,10.43,27.0,0.0,4,5.37545776,0.0,0.0,0.0,0.0,0.0,8.824187278747559,-46.98528289794922,266.2565612792969,-31.303083530762347,145.3080188871068,266.25674112606794
AM1_MT_Grenfell_1.0059,290.729706,29.7102362,280.55,16.27,28.999999999999996,1.0,4,7.47857666,0.0,0.0,0.0,0.0,0.0,-0.6907482147216797,-82.74767303466797,266.1197204589844,-31.303406065116082,145.30791894536074,266.1202593948692
AM1_MT_Grenfell_1.0020,290.291565,25.775906399999997,264.8,33.35,28.999999999999996,7.000000000000001,4,4.37664795,0.0,0.0,0.0,0.0,0.0,-86.4766845703125,-1.2191420793533325,262.6094970703125,-31.30267077130663,145.30701788185192,262.61008286848664
AM1_MT_Grenfell_1.0320,288.869995,19.0862626,291.17,5.87,19.0,0.0,4,6.68530273,0.0,0.0,0.0,0.0,0.0,1.3146684169769287,-67.26815032958984,266.2286071777344,-31.303266458185544,145.30794000964235,266.2289634477347
AM1_MT_Grenfell_1.0248,285.791351,21.9930246,289.34,8.01,20.0,2.0,4,7.87188721,0.0,0.0,0.0,0.0,0.0,14.15120792388916,-73.8548812866211,266.7996826171875,-31.303325862534106,145.30807484072963,266.8001275938004
AM1_MT_Grenfell_1.0087,285.27533,25.985342299999996,277.26,18.41,26.0,0.0,4,8.75350952,0.0,0.0,0.0,0.0,0.0,-66.1720199584961,-31.722137451171875,263.6598815917969,-31.302945873574473,145.3072311525902,263.660303725861
AM1_MT_Grenfell_1.0436,284.64743,20.3956291,283.93,7.11,21.0,1.0,4,7.41851807,0.0,0.0,0.0,0.0,0.0,15.936164855957031,-24.073665618896484,266.5862731933594,-31.302876895078107,145.3080935885825,266.58633869420737
AM1_MT_Grenfell_1.0968,281.503174,19.204494399999998,280.82,1.99,19.0,0.0,4,7.81491089,0.0,0.0,0.0,0.0,0.0,-4.073211669921875,-50.17356491088867,265.75494384765625,-31.303112285343904,145.3078834170969,265.7551432726905
AM1_MT_Grenfell_1.0109,278.115417,20.244661,282.87,9.99,20.0,0.0,4,9.40942383,0.0,0.0,0.0,0.0,0.0,23.25606918334961,18.41353416442871,264.37908935546875,-31.302493710779416,145.3081704733498,264.3791583981365
AM1_MT_Grenfell_1.0977,264.793182,21.8927741,265.67,3.76,22.0,0.0,4,7.10952759,0.0,0.0,0.0,0.0,0.0,11.5555419921875,-14.915008544921875,266.0487060546875,-31.30279429492594,145.30804757598247,266.04873402044177
AM1_MT_Grenfell_1.0231,257.641846,19.758375,247.05,28.6,28.000000000000004,18.0,4,2.72531128,0.0,0.0,0.0,0.0,0.0,48.83578109741211,-16.945148468017578,267.7083435058594,-31.30281260337294,145.30843915401064,267.70855288859457
AM1_MT_Grenfell_1.0068,256.728577,24.2235839,246.96,12.51,25.0,0.0,4,6.16952515,0.0,0.0,0.0,0.0,0.0,39.70567321777344,-9.834988594055176,267.22882080078125,-31.302748478535488,145.30834325443593,267.22895188536495
AM1_MT_Grenfell_1.0178,254.989319,17.3881114,256.29,2.14,17.0,0.0,4,7.65304565,0.0,0.0,0.0,0.0,0.0,47.70185852050781,-5.8378143310546875,267.29180908203125,-31.3027124284707,145.30842724320405,267.2919899756089
AM1_MT_Grenfell_1.0702,253.984879,16.594547000000002,255.14,5.44,18.0,1.0,4,4.78448486,0.0,0.0,0.0,0.0,0.0,22.689960479736328,-36.26678466796875,266.8564147949219,-31.30298686241083,145.3081645283161,266.8565586330369
AM1_MT_Grenfell_1.0246,250.868912,12.710048299999999,318.52,215.42,12.0,3.0,4,4.16912842,0.0,0.0,0.0,0.0,0.0,-19.725156784057617,-45.576507568359375,265.2896728515625,-31.30307082520983,145.30771901427832,265.28986680787057
AM1_MT_Grenfell_1.0485,241.531448,22.455287,240.61,5.51,22.0,0.0,4,6.1864624,0.0,0.0,0.0,0.0,0.0,35.94397735595703,1.6970326900482178,266.1014404296875,-31.302644473520036,145.3083037426302,266.1015418404713
AM1_MT_Grenfell_1.0263,241.393906,20.8281904,239.0,8.51,21.0,2.0,4,7.24713135,0.0,0.0,0.0,0.0,0.0,10.320796012878418,12.882537841796875,264.6022033691406,-31.302543594011254,145.30803460639765,264.6022247718647
AM1_MT_Grenfell_1.0978,240.230255,17.344147,245.31,12.57,17.0,1.0,4,6.8531189,0.0,0.0,0.0,0.0,0.0,11.243128776550293,-43.89543533325195,266.3485412597656,-31.303055663978014,145.3080442948282,266.3487028060481
AM1_MT_Grenfell_1.0216,238.977158,18.9268395,240.25,4.27,19.0,0.0,4,8.77398682,0.0,0.0,0.0,0.0,0.0,14.353257179260254,-58.22929763793945,266.60345458984375,-31.30318493834522,145.30807696277336,266.6037375815213
AM1_MT_Grenfell_1.0796,236.280899,19.3286747,229.52,11.36,19.0,0.0,4,7.63616943,0.0,0.0,0.0,0.0,0.0,66.0047836303711,-3.5439116954803467,267.63067626953125,-31.302691739298133,145.30861949007559,267.63101846165955
AM1_MT_Grenfell_1.0937,235.552658,16.751857100000002,236.57,5.53,17.0,0.0,4,7.54846191,0.0,0.0,0.0,0.0,0.0,7.557887554168701,-8.613873481750488,265.9894714355469,-31.302737466195378,145.30800558602843,265.9894817462191
AM1_MT_Grenfell_1.0226,234.262741,22.0818728,238.7,6.25,21.0,2.0,4,10.3496094,0.0,0.0,0.0,0.0,0.0,-70.75971984863281,10.174206733703613,262.8379821777344,-31.302568017821443,145.30718296783542,262.83838246017694
AM1_MT_Grenfell_1.0194,232.459442,19.336639299999998,230.68,22.18,19.0,1.0,4,4.63110352,0.0,0.0,0.0,0.0,0.0,46.62360382080078,-4.293020725250244,267.2426452636719,-31.302698496311333,145.30841591755285,267.24281695857644
AM1_MT_Grenfell_1.0107,229.244629,17.4537182,208.41,33.9,14.000000000000002,6.0,4,6.10983276,0.0,0.0,0.0,0.0,0.0,-0.41238901019096375,-73.75446319580078,266.2408752441406,-31.30332495702667,145.30792186916713,266.2413033833727
AM1_MT_Grenfell_1.0886,227.672485,20.2198863,227.99,12.76,21.0,1.0,4,6.46807861,0.0,0.0,0.0,0.0,0.0,5.2197675704956055,-25.410226821899414,266.1826477050781,-31.302888949385483,145.30798102736767,266.1827006544918
AM1_MT_Grenfell_1.0341,226.402466,20.295126699999997,225.51,5.87,14.000000000000002,7.000000000000001,4,6.96511841,0.0,0.0,0.0,0.0,0.0,18.91782569885254,-10.425528526306152,266.4729309082031,-31.30275380503883,145.30812490663263,266.47296748962253
AM1_MT_Grenfell_1.0045,226.232834,22.8580445,229.64,7.44,19.0,5.0,4,8.5413208,0.0,0.0,0.0,0.0,0.0,-76.59182739257812,2.607712745666504,262.75933837890625,-31.302636258288967,145.30712170902643,262.7597983535379
AM1_MT_Grenfell_1.0959,222.555664,25.4190028,224.59,7.66,25.0,0.0,4,5.95443726,0.0,0.0,0.0,0.0,0.0,17.91475486755371,-20.317527770996094,266.4692077636719,-31.302843019148085,145.30811437092436,266.46926538739353
AM1_MT_Grenfell_1.0029,219.836502,19.8916167,222.94,8.61,20.0,1.0,4,9.47924805,0.0,0.0,0.0,0.0,0.0,-66.71994018554688,-11.397567749023438,263.5982360839844,-31.3027625699673,145.30722539877408,263.59859494678676
AM1_MT_Grenfell_1.0084,216.572281,9.54054669,215.86,4.12,20.0,9.0,4,8.91387939,0.0,0.0,0.0,0.0,0.0,-28.006141662597656,-66.4708023071289,264.8585205078125,-31.30325926684607,145.3076320329576,264.8589296787977
AM1_MT_Grenfell_1.0062,216.140244,6.16021268,217.8,4.39,16.0,8.0,4,4.73693848,0.0,0.0,0.0,0.0,0.0,25.555631637573242,48.74983215332031,263.3232116699219,-31.302220113144656,145.30819462631527,263.32344986125827
AM1_MT_Grenfell_1.0423,209.733383,15.268464400000001,211.66,2.8,15.0,0.0,4,6.93634033,0.0,0.0,0.0,0.0,0.0,-3.9339287281036377,-54.87903594970703,265.9222717285156,-31.3031547230982,145.30788488006175,265.9225099729374
AM1_MT_Grenfell_1.0056,205.896713,22.5687534,198.98,12.4,23.0,0.0,4,5.10275269,0.0,0.0,0.0,0.0,0.0,77.6918716430664,-15.791682243347168,269.03057861328125,-31.302802198880755,145.30874224760387,269.0310709727928
AM1_MT_Grenfell_1.0069,205.171524,23.003353200000003,205.56,5.35,23.0,1.0,4,6.60662842,0.0,0.0,0.0,0.0,0.0,11.290236473083496,-34.15849685668945,266.28228759765625,-31.302967848352804,145.30804478952288,266.28238941170275
AM1_MT_Grenfell_1.0055,201.750534,20.3194752,201.67,4.56,21.0,1.0,4,8.31399536,0.0,0.0,0.0,0.0,0.0,-74.4817123413086,21.0103816986084,262.19061279296875,-31.30247028807207,145.30714387418288,262.1910820091143
AM1_MT_Grenfell_1.0725,198.338211,18.9704493,204.75,9.03,20.0,1.0,4,7.65579224,0.0,0.0,0.0,0.0,0.0,14.588047981262207,-73.52637481689453,266.80035400390625,-31.303322899790558,145.308079429159,266.80079615302384
AM1_MT_Grenfell_1.0972,197.019547,16.341202,198.71,5.33,16.0,0.0,4,6.44787598,0.0,0.0,0.0,0.0,0.0,16.37941551208496,-19.67486000061035,266.50970458984375,-31.302837223069037,145.3080982442597,266.5097560659051
AM1_MT_Grenfell_1.0306,191.955582,14.594478899999999,192.84,16.61,14.000000000000002,4.0,4,7.6086731,0.0,0.0,0.0,0.0,0.0,-6.77276611328125,-82.58944702148438,265.63232421875,-31.303404638142933,145.30785506164207,265.6328646503389
AM1_MT_Grenfell_1.0072,189.83931,23.3830571,186.13,6.46,19.0,4.0,4,8.14294434,0.0,0.0,0.0,0.0,0.0,-84.75016784667969,-0.9562812447547913,262.6246337890625,-31.302668400739332,145.3070360165657,262.6251963917166
AM1_MT_Grenfell_1.0758,189.205978,19.130595,188.59,1.21,19.0,1.0,4,7.12988281,0.0,0.0,0.0,0.0,0.0,-4.797557830810547,-51.73486328125,265.85986328125,-31.303126366392668,145.30787580879587,265.8600757336244
AM1_MT_Grenfell_1.0116,188.424683,17.9877207,185.91,6.22,19.0,1.0,4,5.18634033,0.0,0.0,0.0,0.0,0.0,-5.165313720703125,-51.36454772949219,265.6501770019531,-31.303123026599444,145.30787194600836,265.6503867357969
AM1_MT_Grenfell_1.0629,185.217926,18.022324100000002,187.89,3.38,18.0,1.0,4,6.11428833,0.0,0.0,0.0,0.0,0.0,27.1064395904541,-11.528548240661621,266.6837463378906,-31.302763752802317,145.3082109168305,266.683814343065
AM1_MT_Grenfell_1.0648,182.363892,13.252851399999999,190.91,27.08,13.0,0.0,4,3.84561157,0.0,0.0,0.0,0.0,0.0,22.75954246520996,-0.2779391407966614,266.2707824707031,-31.30266228575584,145.30816525838384,266.27082304563373
AM1_MT_Grenfell_1.0011,178.651764,17.8131953,179.99,4.52,17.0,1.0,4,7.49291992,0.0,0.0,0.0,0.0,0.0,-61.67821502685547,18.776126861572266,262.6311950683594,-31.302490439174157,145.3072783569864,262.6315207546577
AM1_MT_Grenfell_1.0159,174.890167,19.5966035,179.23,15.1,12.0,7.000000000000001,4,5.79110718,0.0,0.0,0.0,0.0,0.0,74.04908752441406,18.20589256286621,267.98193359375,-31.30249558143126,145.30870398274925,267.9823891213164
AM1_MT_Grenfell_1.0134,172.203094,17.8408325,182.97,15.49,16.0,5.0,4,5.55291748,0.0,0.0,0.0,0.0,0.0,25.472028732299805,48.305843353271484,263.0803527832031,-31.302224117384224,145.30819374820723,263.0805872483179
AM1_MT_Grenfell_1.0591,171.86911,21.406361500000003,171.24,4.4,20.0,2.0,4,7.0085144,0.0,0.0,0.0,0.0,0.0,60.408729553222656,-42.36479949951172,268.9874267578125,-31.30304185778784,145.30856071344994,268.98785381484777
AM1_MT_Grenfell_1.0230,170.759125,19.2320034,169.33,3.01,18.0,1.0,4,3.22628784,0.0,0.0,0.0,0.0,0.0,3.2661588191986084,-1.4748330116271973,265.7122802734375,-31.3026730805377,145.30796050727668,265.7122812792659
AM1_MT_Grenfell_1.0235,170.558105,17.1949074,171.45,1.44,17.0,1.0,4,7.93359375,0.0,0.0,0.0,0.0,0.0,-14.45284366607666,16.98125648498535,264.2327880859375,-31.302506628368146,145.307774393784,264.232827139087
AM1_MT_Grenfell_1.0031,167.743927,14.0486285,166.46,6.09,18.0,3.0,4,8.23165894,0.0,0.0,0.0,0.0,0.0,58.901859283447266,-42.48992919921875,268.8892517089844,-31.303042986391873,145.30854488581588,268.88966552075
AM1_MT_Grenfell_1.0114,166.669022,2.61912793,136.62,40.36,5.0,3.0,4,5.81503296,0.0,0.0,0.0,0.0,0.0,-0.8331559300422668,41.76435852050781,262.9088439941406,-31.302283114118644,145.30791744965165,262.9089813269675
AM1_MT_Grenfell_1.0344,166.269501,20.6079245,171.31,6.09,20.0,3.0,4,6.12921143,0.0,0.0,0.0,0.0,0.0,-71.67727661132812,-21.404979705810547,263.40411376953125,-31.302852824698178,145.3071733279736,263.4045521998778
AM1_MT_Grenfell_1.0468,161.633591,12.8220111,162.14,5.45,12.0,1.0,4,5.83026123,0.0,0.0,0.0,0.0,0.0,-24.59085464477539,59.05609893798828,262.99462890625,-31.302127162787926,145.30766790908496,262.9949507564306
AM1_MT_Grenfell_1.0099,161.47403,17.0259416,162.0,2.05,18.0,3.0,4,6.97854614,0.0,0.0,0.0,0.0,0.0,12.436589241027832,-63.176109313964844,266.7165222167969,-31.303229552723778,145.3080568307689,266.7168484535068
AM1_MT_Grenfell_1.0034,160.464096,21.6435656,167.29,12.61,20.0,1.0,4,7.05670166,0.0,0.0,0.0,0.0,0.0,-72.3655776977539,-11.947892189025879,263.2200927734375,-31.30276753291204,145.3071660989648,263.2205141466111
AM1_MT_Grenfell_1.0032,153.319077,11.2147212,154.17,1.64,11.0,0.0,4,8.0045166,0.0,0.0,0.0,0.0,0.0,11.139263153076172,65.40753936767578,262.3626403808594,-31.30206988044334,145.3080432027135,262.36298680491745
AM1_MT_Grenfell_1.0508,151.15062,12.174185399999999,155.41,9.88,12.0,0.0,4,6.20809937,0.0,0.0,0.0,0.0,0.0,31.217618942260742,-1.5759118795394897,266.34442138671875,-31.302673991733858,145.3082540988504,266.34449790697545
AM1_MT_Grenfell_1.0394,150.276825,16.3301378,149.63,1.93,16.0,0.0,4,7.18942261,0.0,0.0,0.0,0.0,0.0,-44.1873779296875,-8.630414009094238,264.2724609375,-31.30273761457826,145.30746207278952,264.2726197158918
AM1_MT_Grenfell_1.0327,149.830627,14.271602,147.93,2.55,18.0,4.0,4,4.96722412,0.0,0.0,0.0,0.0,0.0,-73.20769500732422,-11.98072338104248,263.2903137207031,-31.302767828956732,145.3071572536757,263.2907447544858
AM1_MT_Grenfell_1.0175,149.264053,39.392027299999995,146.9,35.97,31.0,15.0,4,2.61016846,0.0,0.0,0.0,0.0,0.0,-75.66777801513672,-19.253618240356445,263.1803283691406,-31.302833421715363,145.30713141329105,263.1808059671894
AM1_MT_Grenfell_1.0190,149.026566,15.089155700000001,146.28,10.93,13.0,5.0,4,4.29669189,0.0,0.0,0.0,0.0,0.0,28.241456985473633,-57.31465148925781,267.4268493652344,-31.303176689002047,145.30822283989417,267.4271703697741
AM1_MT_Grenfell_1.0181,148.552948,17.740948500000002,153.03,10.97,18.0,0.0,4,3.39831543,0.0,0.0,0.0,0.0,0.0,7.666956901550293,-30.97747230529785,266.0729064941406,-31.30293915932516,145.30800673182293,266.07298662140965
AM1_MT_Grenfell_1.0671,147.203369,17.3403785,148.02,3.14,17.0,1.0,4,6.32077026,0.0,0.0,0.0,0.0,0.0,-10.623889923095703,-11.104827880859375,265.3173828125,-31.302759931636302,145.3078146113302,265.3174013569951
AM1_MT_Grenfell_1.0090,145.77327,13.5473639,144.38,5.25,13.0,0.0,4,5.84933472,0.0,0.0,0.0,0.0,0.0,-62.65866470336914,12.41494083404541,262.798828125,-31.3025478095104,145.3072680583459,262.7991477418691
AM1_MT_Grenfell_1.0386,145.325241,14.658711899999998,145.42,6.93,15.0,0.0,4,8.35650635,0.0,0.0,0.0,0.0,0.0,13.770435333251953,11.704204559326172,264.89068603515625,-31.30255422115164,145.3080708400755,264.89071166701615
AM1_MT_Grenfell_1.0992,144.066101,17.1833098,141.45,3.52,18.0,0.0,4,6.34637451,0.0,0.0,0.0,0.0,0.0,-6.366079807281494,12.28359317779541,264.51373291015625,-31.30254899580989,145.30785933394733,264.5137479584664
AM1_MT_Grenfell_1.0990,141.295258,15.7414302,141.62,1.54,17.0,2.0,4,5.99411011,0.0,0.0,0.0,0.0,0.0,-37.94966506958008,29.070486068725586,263.25469970703125,-31.30239759725137,145.30752759280185,263.2548790099099
AM1_MT_Grenfell_1.0427,140.159714,15.034487799999999,139.57,1.74,15.0,0.0,4,7.24533081,0.0,0.0,0.0,0.0,0.0,27.402618408203125,-7.482475280761719,266.4159240722656,-31.302727262022962,145.3082140276848,266.4159872867167
AM1_MT_Grenfell_1.0621,140.007523,21.391111600000002,142.05,2.96,19.0,2.0,4,6.4810791,0.0,0.0,0.0,0.0,0.0,10.681609153747559,-71.22779083251953,266.9417419433594,-31.30330216932183,145.3080383970961,266.9421501746401
AM1_MT_Grenfell_1.0121,139.640732,18.616875999999998,138.59,2.78,19.0,0.0,4,3.76290894,0.0,0.0,0.0,0.0,0.0,3.5890743732452393,-1.7923367023468018,265.5170593261719,-31.30267594404413,145.30796389906226,265.51706058718264
AM1_MT_Grenfell_1.0169,138.534714,9.6780777,138.05,1.9,10.0,0.0,4,6.15222168,0.0,0.0,0.0,0.0,0.0,6.262413501739502,16.030879974365234,264.29937744140625,-31.302515199714154,145.30799197871156,264.29940073844045
AM1_MT_Grenfell_1.0144,134.643631,14.1302884,132.27,3.11,16.0,3.0,4,6.61724854,0.0,0.0,0.0,0.0,0.0,-26.138906478881836,-71.41943359375,264.9490661621094,-31.303303897669405,145.30765164569078,264.94952111970633
AM1_MT_Grenfell_1.0210,127.491234,6.40053079,126.91,1.88,11.0,5.0,4,7.01196289,0.0,0.0,0.0,0.0,0.0,34.855499267578125,-1.3639302253723145,266.4857177734375,-31.30267207980733,145.3082923097554,266.48581306729466
AM1_MT_Grenfell_1.0184,127.136711,18.4126779,131.75,5.93,17.0,3.0,4,5.73025513,0.0,0.0,0.0,0.0,0.0,-69.5384750366211,-15.455519676208496,263.36029052734375,-31.302799167734598,145.30719579359894,263.36068804282695
AM1_MT_Grenfell_1.0410,122.733772,12.5225857,124.16,3.09,12.0,0.0,4,6.31271362,0.0,0.0,0.0,0.0,0.0,-7.5895280838012695,-58.69800567626953,265.6452941894531,-31.303189165678713,145.30784648279732,265.64556987024844
AM1_MT_Grenfell_1.0452,121.861603,15.5363917,124.07,7.58,16.0,0.0,4,7.34796143,0.0,0.0,0.0,0.0,0.0,5.9714555740356445,8.491950035095215,265.09783935546875,-31.302583191952,145.30798892264073,265.0978478239849
AM1_MT_Grenfell_1.0131,121.385643,16.3064286,102.23,27.16,24.0,8.0,4,2.23513794,0.0,0.0,0.0,0.0,0.0,25.812374114990234,54.087379455566406,263.158203125,-31.302171974755918,145.3081973228988,263.1584855504334
AM1_MT_Grenfell_1.0455,119.81147,13.1150872,120.16,3.65,16.0,2.0,4,7.22906494,0.0,0.0,0.0,0.0,0.0,-25.069660186767578,59.15544509887695,263.223876953125,-31.30212626681192,145.30766287993077,263.22420158889145
AM1_MT_Grenfell_1.0102,118.703423,16.146875899999998,117.8,2.76,17.0,1.0,4,6.58670044,0.0,0.0,0.0,0.0,0.0,-78.7126693725586,-2.584881067276001,262.85357666015625,-31.30268308920912,145.3070994321032,262.8540624221787
AM1_MT_Grenfell_1.0332,118.125061,14.0782461,118.2,0.22,14.000000000000002,0.0,4,5.64141846,0.0,0.0,0.0,0.0,0.0,3.704740524291992,26.683483123779297,262.7568664550781,-31.302419125791037,145.30796511388726,262.7569235675037
AM1_MT_Grenfell_1.0560,116.775276,13.6685863,116.98,0.75,14.000000000000002,0.0,4,7.62722778,0.0,0.0,0.0,0.0,0.0,24.717050552368164,-2.6645116806030273,266.30230712890625,-31.30268380976882,145.30818581936464,266.30235553439707
AM1_MT_Grenfell_1.0165,115.656334,14.2635971,116.17,1.51,15.0,0.0,4,5.43609619,0.0,0.0,0.0,0.0,0.0,16.227127075195312,-2.5379416942596436,266.04095458984375,-31.302682668407943,145.3080966444111,266.040975718759
AM1_MT_Grenfell_1.0078,114.98024,13.7829691,115.06,1.48,14.000000000000002,0.0,4,8.91934204,0.0,0.0,0.0,0.0,0.0,25.355358123779297,66.72917938232422,263.4950256347656,-31.302057960694306,145.3081925222638,263.4954264368862
AM1_MT_Grenfell_1.0146,114.917366,10.7543603,115.31,1.09,14.000000000000002,2.0,4,5.46646118,0.0,0.0,0.0,0.0,0.0,7.8339643478393555,-46.47224807739258,266.3916015625,-31.303078903795356,145.3080084861284,266.39177634287626
AM1_MT_Grenfell_1.0244,113.785652,14.5692199,114.34,0.77,15.0,0.0,4,6.10070801,0.0,0.0,0.0,0.0,0.0,13.431462287902832,-7.916506290435791,266.1012268066406,-31.3027311767162,145.30806727987127,266.10124586708844
AM1_MT_Grenfell_1.0218,111.721809,14.7675708,113.64,3.67,15.0,0.0,4,6.99743652,0.0,0.0,0.0,0.0,0.0,-43.06908416748047,53.25576400756836,261.87530517578125,-31.302179474337407,145.3074738214331,261.8756736693904
AM1_MT_Grenfell_1.0259,111.270828,14.1271681,110.95,3.97,14.000000000000002,1.0,4,7.82727051,0.0,0.0,0.0,0.0,0.0,-6.993714809417725,-47.70760726928711,265.752685546875,-31.3030900453174,145.30785274110772,265.7528685070574
AM1_MT_Grenfell_1.0301,109.216461,11.8024409,111.44,9.35,14.000000000000002,3.0,4,6.24462891,0.0,0.0,0.0,0.0,0.0,-84.45994567871094,-2.474963665008545,262.89508056640625,-31.30268209748108,145.30703906486053,262.8956397334114
AM1_MT_Grenfell_1.0472,109.194931,10.2830276,109.93,5.22,10.0,0.0,4,5.29345703,0.0,0.0,0.0,0.0,0.0,-28.687870025634766,58.76870346069336,262.6069030761719,-31.30212975462964,145.30762487578266,262.6072393544018
AM1_MT_Grenfell_1.0510,107.300072,15.4393151,105.4,29.13,15.0,3.0,4,5.77722168,0.0,0.0,0.0,0.0,0.0,41.334266662597656,-56.01321029663086,268.28192138671875,-31.30316495109024,145.30836036241521,268.2823021262884
AM1_MT_Grenfell_1.0286,107.214073,14.8901686,102.92,5.52,17.0,2.0,4,5.85925293,0.0,0.0,0.0,0.0,0.0,-73.58438873291016,-22.325008392333984,263.38238525390625,-31.302861122150674,145.30715329627097,263.3828485477716
AM1_MT_Grenfell_1.0325,106.06456,13.710635900000002,106.93,4.91,13.0,1.0,4,7.87966919,0.0,0.0,0.0,0.0,0.0,52.7545051574707,32.87746047973633,265.31634521484375,-31.302363262360164,145.3084803124372,265.3166482504457
AM1_MT_Grenfell_1.0267,105.769844,12.8843397,105.71,2.76,12.0,1.0,4,5.73953247,0.0,0.0,0.0,0.0,0.0,-59.24232482910156,-20.215394973754883,263.7782897949219,-31.302842096739106,145.30730394042286,263.77859682869166
AM1_MT_Grenfell_1.0024,104.994225,20.652709899999998,103.66,9.3,19.0,8.0,4,2.33581543,0.0,0.0,0.0,0.0,0.0,16.556201934814453,10.223422050476074,264.9438171386719,-31.30256757602077,145.30810010070812,264.9438468320295
AM1_MT_Grenfell_1.0224,101.731575,0.999999978,103.69,4.14,6.0,4.0,4,4.00561523,0.0,0.0,0.0,0.0,0.0,32.985809326171875,-68.29872131347656,267.7896423339844,-31.30327575209444,145.30827267337762,267.7900946792215
AM1_MT_Grenfell_1.0155,96.6009445,12.6020685,97.02,0.72,12.0,0.0,4,4.9364624,0.0,0.0,0.0,0.0,0.0,43.747230529785156,15.166810989379883,265.4107971191406,-31.302522991812708,145.30838570449112,265.41096511110663
AM1_MT_Grenfell_1.0140,96.0372391,16.6421607,95.0,1.42,17.0,0.0,4,7.73675537,0.0,0.0,0.0,0.0,0.0,-73.75962829589844,-23.293392181396484,263.4650573730469,-31.302869855813498,145.3071514555549,263.465526166372
AM1_MT_Grenfell_1.0242,93.4609604,19.3939403,92.82,3.31,18.0,1.0,4,4.06604004,0.0,0.0,0.0,0.0,0.0,-29.080184936523438,-13.792102813720703,264.5076599121094,-31.30278416737254,145.30762075305626,264.507741112262
AM1_MT_Grenfell_1.0514,93.0367203,12.797081499999999,92.95,0.62,13.0,1.0,4,6.55728149,0.0,0.0,0.0,0.0,0.0,23.169429779052734,11.160477638244629,265.0116271972656,-31.302559124777368,145.30816956346771,265.01167904306203
AM1_MT_Grenfell_1.0186,91.3081055,15.432153600000001,92.47,2.01,14.000000000000002,2.0,4,6.29891968,0.0,0.0,0.0,0.0,0.0,-72.9322738647461,10.905864715576172,262.6328125,-31.302561418993513,145.30716014819063,262.6332384478301
AM1_MT_Grenfell_1.0529,90.183815,13.630819299999999,89.15,2.25,14.000000000000002,0.0,4,6.5586853,0.0,0.0,0.0,0.0,0.0,20.291955947875977,-3.2719223499298096,266.16650390625,-31.302689287978588,145.3081393398545,266.1665369970724
AM1_MT_Grenfell_1.0396,89.3809967,4.84859347,165.49,102.75,14.000000000000002,8.0,4,1.90170288,0.0,0.0,0.0,0.0,0.0,-12.892743110656738,-57.3939094543457,265.50811767578125,-31.303177404242188,145.30779077953503,265.5083899497986
AM1_MT_Grenfell_1.0636,87.8074265,19.0019682,88.88,1.6,16.0,4.0,4,5.34066772,0.0,0.0,0.0,0.0,0.0,-19.62728500366211,-5.279536724090576,264.9344482421875,-31.30270739429937,145.30772004307082,264.93448060564697
AM1_MT_Grenfell_1.0544,87.002533,13.4478897,87.08,0.55,13.0,0.0,4,5.40026855,0.0,0.0,0.0,0.0,0.0,31.923316955566406,-10.5247802734375,266.9682312011719,-31.302754699880403,145.30826151148875,266.9683197326958
AM1_MT_Grenfell_1.0075,84.5106583,12.7770156,83.34,2.51,13.0,2.0,4,5.31924438,0.0,0.0,0.0,0.0,0.0,-12.013670921325684,-74.74000549316406,265.3153076171875,-31.30333384548442,145.30780001281516,265.3157585663721
AM1_MT_Grenfell_1.0077,84.1674423,11.3860153,84.27,2.36,13.0,1.0,4,3.95373535,0.0,0.0,0.0,0.0,0.0,-24.184663772583008,-54.16858673095703,264.93450927734375,-31.303148315520595,145.3076721728757,264.93478602170944
AM1_MT_Grenfell_1.0295,83.4582672,12.718285600000002,83.2,4.14,11.0,2.0,4,5.83151245,0.0,0.0,0.0,0.0,0.0,22.012773513793945,69.02962493896484,263.4624328613281,-31.302037213458235,145.3081574131812,263.462845842354
AM1_MT_Grenfell_1.0022,82.9028702,15.6190544,82.27,2.08,15.0,1.0,4,1.94616699,0.0,0.0,0.0,0.0,0.0,12.678101539611816,-1.7675533294677734,265.7313232421875,-31.302675720463437,145.30805936677922,265.7313360758126
AM1_MT_Grenfell_1.0079,82.8545151,7.908043269999999,84.22,2.25,9.0,1.0,4,5.8710022,0.0,0.0,0.0,0.0,0.0,-58.004974365234375,2.6383707523345947,263.3666687011719,-31.302635982866754,145.30731693839988,263.3669327571988
AM1_MT_Grenfell_1.0196,80.4515991,12.145911199999999,79.99,0.79,12.0,0.0,4,6.06750488,0.0,0.0,0.0,0.0,0.0,-32.43269348144531,36.87946701049805,262.1935729980469,-31.302327169581798,145.3075855410427,262.1937624234706
AM1_MT_Grenfell_1.0036,78.9992828,11.8536368,82.08,8.54,7.000000000000001,3.0,4,2.82601929,0.0,0.0,0.0,0.0,0.0,-25.003185272216797,57.84236526489258,262.8825988769531,-31.302138109214336,145.3076635781076,262.88291116058826
AM1_MT_Grenfell_1.0041,78.7602921,11.737331,72.58,8.73,12.0,1.0,4,4.07406616,0.0,0.0,0.0,0.0,0.0,55.534446716308594,41.14287567138672,265.775634765625,-31.302288718003084,145.30850951130077,265.77600953076035
AM1_MT_Grenfell_1.0233,77.1450806,16.2023738,76.98,2.35,16.0,2.0,4,4.25201416,0.0,0.0,0.0,0.0,0.0,59.7152214050293,-40.47956085205078,268.8828430175781,-31.3030248552218,145.30855342897473,268.88325125630945
AM1_MT_Grenfell_1.0913,77.0012283,9.49503258,77.23,0.43,10.0,0.0,4,4.72979736,0.0,0.0,0.0,0.0,0.0,1.2226592302322388,0.8488651514053345,265.46173095703125,-31.302652123538746,145.30793904312478,265.4617311293259
AM1_MT_Grenfell_1.0623,75.8532944,10.926462,75.24,1.18,11.0,0.0,4,4.72244263,0.0,0.0,0.0,0.0,0.0,26.8529109954834,-33.5713005065918,267.2247009277344,-31.30296255223871,145.30820825442783,267.224846101366
AM1_MT_Grenfell_1.0479,75.655014,10.3275046,76.95,1.98,12.0,2.0,4,5.45498657,0.0,0.0,0.0,0.0,0.0,-20.60162353515625,17.497112274169922,264.10552978515625,-31.302501975863567,145.30770980942245,264.10558711830527
AM1_MT_Grenfell_1.0051,71.4549866,12.4579839,70.52,1.59,12.0,0.0,4,5.11807251,0.0,0.0,0.0,0.0,0.0,-57.367889404296875,19.385730743408203,262.9736633300781,-31.30248494149685,145.30732363102413,262.9739506589249
AM1_MT_Grenfell_1.0643,69.9360352,14.0701339,74.52,5.73,12.0,1.0,4,3.55905151,0.0,0.0,0.0,0.0,0.0,-38.14311218261719,47.72616195678711,262.00579833984375,-31.30222934500669,145.30752556154494,262.0060915546492
AM1_MT_Grenfell_1.0067,69.8740387,10.1189144,63.63,10.9,10.0,3.0,4,4.43173218,0.0,0.0,0.0,0.0,0.0,-86.04071044921875,-0.319252073764801,262.650390625,-31.302662655393956,145.30702246124514,262.6509704263881
AM1_MT_Grenfell_1.0395,69.5310516,13.1966561,68.69,2.28,12.0,1.0,4,7.13061523,0.0,0.0,0.0,0.0,0.0,25.573585510253906,67.9242935180664,263.5107421875,-31.302047182173613,145.30819481439667,263.51115652546287
AM1_MT_Grenfell_1.0453,69.1965027,12.5053421,69.29,0.88,12.0,1.0,4,6.66204834,0.0,0.0,0.0,0.0,0.0,11.8911714553833,-3.8476550579071045,265.7770690917969,-31.302694480522916,145.30805110118584,265.7770813303068
AM1_MT_Grenfell_1.0275,69.1222687,18.5580522,69.27,3.45,10.0,6.0,4,3.94891357,0.0,0.0,0.0,0.0,0.0,22.482946395874023,54.529911041259766,263.2540588378906,-31.302167983720228,145.30816235200234,263.25433245301247
AM1_MT_Grenfell_1.0946,66.1243362,11.5605272,65.82,0.58,13.0,1.0,4,5.61868286,0.0,0.0,0.0,0.0,0.0,-8.427557945251465,13.184296607971191,264.3663024902344,-31.302540872515223,145.30783768098775,264.3663217322901
AM1_MT_Grenfell_1.0119,65.4377289,11.3194957,66.01,1.09,11.0,0.0,4,5.44775391,0.0,0.0,0.0,0.0,0.0,-33.25925827026367,37.115081787109375,262.23736572265625,-31.302325044593548,145.3075768591548,262.23756077419966
AM1_MT_Grenfell_1.0415,63.1086349,16.5415213,59.35,9.56,11.0,5.0,4,1.53060913,0.0,0.0,0.0,0.0,0.0,-19.042675018310547,-44.05303192138672,265.5155944824219,-31.30305708526281,145.30772618287628,265.515775620006
AM1_MT_Grenfell_1.0359,61.7484703,29.257130599999996,38.73,30.16,18.0,12.0,4,1.2494812,0.0,0.0,0.0,0.0,0.0,-3.703594923019409,85.07665252685547,264.1737976074219,-31.301892488514923,145.3078872999214,264.1743683423847
AM1_MT_Grenfell_1.0304,59.9597206,15.2265146,59.92,3.21,13.0,3.0,4,3.24859619,0.0,0.0,0.0,0.0,0.0,-0.43975159525871277,38.62669372558594,262.8746643066406,-31.302311412147716,145.3079215818059,262.87478174921125
AM1_MT_Grenfell_1.0949,57.8073921,12.1096857,58.32,2.09,12.0,0.0,4,4.27304077,0.0,0.0,0.0,0.0,0.0,-15.664865493774414,-9.066311836242676,265.010986328125,-31.302741546584446,145.3077616627948,265.0110120140016
AM1_MT_Grenfell_1.0324,57.617981,10.8711854,56.57,1.93,12.0,1.0,4,6.07302856,0.0,0.0,0.0,0.0,0.0,32.873592376708984,62.137168884277344,263.6676330566406,-31.302099375030423,145.3082714906191,263.6680215699598
AM1_MT_Grenfell_1.0474,53.5970268,6.85834438,53.26,1.91,7.000000000000001,1.0,4,4.86639404,0.0,0.0,0.0,0.0,0.0,-18.77088165283203,24.280519485473633,262.46258544921875,-31.302440797529535,145.30772903889198,262.4626594427973
AM1_MT_Grenfell_1.0719,51.3738213,9.35667604,50.67,1.3,9.0,1.0,4,5.58621216,0.0,0.0,0.0,0.0,0.0,16.40572166442871,4.265336513519287,265.453369140625,-31.302621310901067,145.30809852020565,265.45339165069163
AM1_MT_Grenfell_1.0257,50.6057854,11.3174371,51.12,1.57,12.0,1.0,4,4.43710327,0.0,0.0,0.0,0.0,0.0,-7.474911212921143,-54.00373077392578,265.6522521972656,-31.30314682888743,145.3078476867315,265.65248610358685
AM1_MT_Grenfell_1.0297,49.8502388,14.8311853,51.13,3.51,12.0,4.0,4,4.38943481,0.0,0.0,0.0,0.0,0.0,-71.41320037841797,12.766900062561035,262.98590087890625,-31.302544634753165,145.30717610412935,262.9863131195307
AM1_MT_Grenfell_1.0030,49.2776871,8.68508145,49.56,3.97,8.0,1.0,4,4.64602661,0.0,0.0,0.0,0.0,0.0,-6.791999816894531,-71.51929473876953,265.8380432128906,-31.30330479848196,145.30785485969446,265.83844939712435
AM1_MT_Grenfell_1.0254,48.28936,17.8414598,47.61,7.42,13.0,3.0,4,2.37564087,0.0,0.0,0.0,0.0,0.0,-20.467241287231445,16.344600677490234,264.30975341796875,-31.302512370161804,145.30771122090403,264.3098072502762
AM1_MT_Grenfell_1.0354,48.2322083,11.9798183,48.75,2.59,14.000000000000002,2.0,4,3.05172729,0.0,0.0,0.0,0.0,0.0,-74.60025024414062,-22.730880737304688,263.47491455078125,-31.302864782571632,145.30714262600048,263.47539107501507
AM1_MT_Grenfell_1.0221,45.3024826,5.41914441,46.61,2.59,5.0,0.0,4,5.13473511,0.0,0.0,0.0,0.0,0.0,8.198372840881348,-28.16734504699707,266.1754150390625,-31.302913815303555,145.30801231360664,266.17548274528235
AM1_MT_Grenfell_1.0010,41.98946,16.2626401,40.6,2.17,14.000000000000002,2.0,4,3.07531738,0.0,0.0,0.0,0.0,0.0,-80.23318481445312,-15.060074806213379,263.2325744628906,-31.302795600604192,145.30708346022186,263.2330964766443
AM1_MT_Grenfell_1.0625,41.4472694,12.5105664,41.66,0.72,12.0,1.0,4,4.7505188,0.0,0.0,0.0,0.0,0.0,33.33442687988281,-7.3073296546936035,266.76824951171875,-31.30272568225885,145.30827633316912,266.7683407384902
AM1_MT_Grenfell_1.0147,41.2949677,12.0615348,42.01,1.57,11.0,1.0,4,6.04336548,0.0,0.0,0.0,0.0,0.0,-11.675688743591309,-75.2535171508789,265.3848876953125,-31.303338476746596,145.30780356287292,265.385344077833
AM1_MT_Grenfell_1.0368,40.8690453,15.590804799999999,37.74,11.67,16.0,2.0,4,2.51574707,0.0,0.0,0.0,0.0,0.0,27.042858123779297,52.455841064453125,263.4068603515625,-31.302186689295567,145.30821024740894,263.40713418927044
AM1_MT_Grenfell_1.0343,38.6814194,12.9417434,38.68,10.82,11.0,3.0,4,2.23681641,0.0,0.0,0.0,0.0,0.0,26.065454483032227,51.706756591796875,263.4251708984375,-31.302193445176023,145.3081999811972,263.42543453071266
AM1_MT_Grenfell_1.0678,37.5545502,11.9122773,38.01,0.77,12.0,0.0,4,1.76376343,0.0,0.0,0.0,0.0,0.0,31.528350830078125,-21.27227783203125,267.2027587890625,-31.30285162954921,145.3082573632375,267.2028722539544
AM1_MT_Grenfell_1.0593,37.4692459,7.44548365,36.24,4.63,7.000000000000001,2.0,4,3.55819702,0.0,0.0,0.0,0.0,0.0,-71.54251098632812,-24.978002548217773,263.51654052734375,-31.302885049143235,145.3071747432616,263.51699049025774
AM1_MT_Grenfell_1.0161,34.7166023,8.92927572,34.47,0.58,9.0,0.0,4,1.91564941,0.0,0.0,0.0,0.0,0.0,-21.739543914794922,-44.48275375366211,265.22845458984375,-31.30306096081506,145.30769785584638,265.2286473363638
AM1_MT_Grenfell_1.0273,34.488327,10.868255,36.04,3.31,8.0,2.0,4,5.10125732,0.0,0.0,0.0,0.0,0.0,21.36874771118164,68.26117706298828,263.7002868652344,-31.30204414398522,145.308150648628,263.70068935491145
AM1_MT_Grenfell_1.0375,33.9896164,7.642401749999999,41.72,20.33,10.0,5.0,4,4.6222229,0.0,0.0,0.0,0.0,0.0,55.15263748168945,41.42412567138672,265.8862609863281,-31.30228618148605,145.30850550091122,265.88663426879793
AM1_MT_Grenfell_1.0009,33.6486168,8.85729119,43.2,22.21,10.0,5.0,4,2.32418823,0.0,0.0,0.0,0.0,0.0,18.10102081298828,26.080223083496094,264.0895690917969,-31.30242456639866,145.30811632662557,264.08964828401804
AM1_MT_Grenfell_1.0507,31.2588062,10.584929599999999,31.05,0.63,10.0,1.0,4,3.85702515,0.0,0.0,0.0,0.0,0.0,-40.97705078125,45.40071105957031,262.4183044433594,-31.30225031776078,145.3074957949766,262.4185981741175
AM1_MT_Grenfell_1.0315,29.8858128,6.6780813,29.82,0.1,7.000000000000001,0.0,4,4.6847229,0.0,0.0,0.0,0.0,0.0,72.02934265136719,-3.7952880859375,268.6676940917969,-31.302694006051702,145.30868276966174,268.6681015593931
AM1_MT_Grenfell_1.0403,29.702776,8.603687579999999,29.93,0.46,9.0,1.0,4,3.69000244,0.0,0.0,0.0,0.0,0.0,72.56710815429688,20.493358612060547,267.6713562011719,-31.30247495129047,145.30868841650218,267.67180167976767
AM1_MT_Grenfell_1.0158,29.3214703,10.5194755,29.49,0.53,10.0,0.0,4,4.2336731,0.0,0.0,0.0,0.0,0.0,-4.49144983291626,-50.46678161621094,265.853759765625,-31.303114929802145,145.3078790240599,265.85396179556847
AM1_MT_Grenfell_1.0277,27.7727909,7.6851666,28.08,0.86,8.0,0.0,4,2.83337402,0.0,0.0,0.0,0.0,0.0,-50.647640228271484,9.058812141418457,263.47491455078125,-31.302578078419963,145.30739421739733,263.4751219097525
AM1_MT_Grenfell_1.0851,25.3631935,5.45318201,26.52,4.76,6.0,0.0,4,3.50674438,0.0,0.0,0.0,0.0,0.0,-82.35728454589844,7.68508768081665,262.8091735839844,-31.302590465971775,145.30706115125798,262.8097094455734
AM1_MT_Grenfell_1.0393,24.9098225,5.8573436,25.38,1.4,6.0,1.0,4,4.60903931,0.0,0.0,0.0,0.0,0.0,25.577007293701172,69.10536193847656,263.5802001953125,-31.302036530338675,145.30819485030446,263.58062728401273
AM1_MT_Grenfell_1.0383,24.4459438,7.05410019,24.11,0.62,7.000000000000001,0.0,4,5.57266235,0.0,0.0,0.0,0.0,0.0,27.875492095947266,66.4255142211914,263.7344970703125,-31.302060699360233,145.308218992636,263.7349051963538
AM1_MT_Grenfell_1.0551,21.993454,7.844637329999999,21.51,1.0,8.0,0.0,4,3.32046509,0.0,0.0,0.0,0.0,0.0,-14.87083625793457,16.48826789855957,264.2861633300781,-31.30251107453787,145.30777000334803,264.28620204515755
AM1_MT_Grenfell_1.0007,21.2241611,5.69182783,23.75,10.12,5.0,1.0,4,6.05621338,0.0,0.0,0.0,0.0,0.0,-56.88254165649414,21.290416717529297,262.9915771484375,-31.302467763503895,145.30732872903607,262.991866231896
AM1_MT_Grenfell_1.0111,20.5221176,2.98741832,19.77,1.12,3.0,0.0,4,2.39822388,0.0,0.0,0.0,0.0,0.0,-53.17333221435547,24.692710876464844,262.95166015625,-31.30243707900392,145.3073676892838,262.9519295822829
AM1_MT_Grenfell_1.0234,19.2524509,7.471635190000001,19.65,0.62,7.000000000000001,0.0,4,3.00485229,0.0,0.0,0.0,0.0,0.0,22.274112701416016,-0.8637093901634216,266.11041259765625,-31.302667568718157,145.3081601596325,266.1104515120387
AM1_MT_Grenfell_1.0569,18.7891064,7.66695887,18.94,0.72,8.0,1.0,4,1.56185913,0.0,0.0,0.0,0.0,0.0,-15.632891654968262,17.807987213134766,263.9339904785156,-31.302499172212375,145.30776199902883,263.9340345757082
AM1_MT_Grenfell_1.0483,18.7656517,10.8984977,20.07,4.12,12.0,1.0,4,1.06188965,0.0,0.0,0.0,0.0,0.0,-60.22249221801758,-40.39753341674805,263.7927551269531,-31.30302411569777,145.30729364387798,263.7931676097214
AM1_MT_Grenfell_1.0288,18.1547623,5.9584535700000005,18.06,0.17,6.0,0.0,4,4.1963501,0.0,0.0,0.0,0.0,0.0,-33.320186614990234,37.64523696899414,262.2256774902344,-31.302320263217084,145.3075762192055,262.22587597742677
AM1_MT_Grenfell_1.0373,13.9207325,5.314945799999999,14.01,0.25,6.0,1.0,4,3.43173218,0.0,0.0,0.0,0.0,0.0,5.638087272644043,-25.30388832092285,266.1005859375,-31.30288799033938,145.30798542125007,266.1006388189271
AM1_MT_Grenfell_1.0512,13.6061821,6.9448552999999995,13.14,0.7,7.000000000000001,0.0,4,3.197052,0.0,0.0,0.0,0.0,0.0,-60.08572769165039,-20.67007827758789,263.86767578125,-31.302846197398747,145.30729508160005,263.8679921599105
AM1_MT_Grenfell_1.0251,13.491272,3.66864577,12.94,1.38,4.0,0.0,4,3.34893799,0.0,0.0,0.0,0.0,0.0,10.916411399841309,26.76673126220703,263.4361267089844,-31.302418374971666,145.30804086237907,263.43619242776185
AM1_MT_Grenfell_1.0333,12.5923395,11.1537926,12.71,0.5,11.0,0.0,4,1.27258301,0.0,0.0,0.0,0.0,0.0,32.41655731201172,-9.404430389404297,266.94964599609375,-31.30274459564143,145.30826669226767,266.9497352549806
AM1_MT_Grenfell_1.0180,11.295887,12.8316179,11.62,0.61,13.0,0.0,4,1.1661377,0.0,0.0,0.0,0.0,0.0,11.56728458404541,-74.98503875732422,266.6631164550781,-31.30333605525492,145.30804770000586,266.6635694662109
AM1_MT_Grenfell_1.0207,11.030695,12.561091799999998,11.24,1.9,13.0,1.0,4,0.975494385,0.0,0.0,0.0,0.0,0.0,-5.737697601318359,84.62574005126953,264.3271484375,-31.30189655522252,145.30786593464327,264.327714654617
AM1_MT_Grenfell_1.0731,10.8275757,2.12238189,10.83,0.34,3.0,2.0,4,2.20800781,0.0,0.0,0.0,0.0,0.0,-27.233234405517578,-74.2578125,264.8630676269531,-31.303329496466578,145.30764015112354,264.86355970147997
AM1_MT_Grenfell_1.0476,10.4010849,5.80174923,10.32,0.44,6.0,0.0,4,3.57681274,0.0,0.0,0.0,0.0,0.0,49.03509521484375,46.745147705078125,265.22711181640625,-31.30223819240391,145.3084412446092,265.2274721050635
AM1_MT_Grenfell_1.0166,10.1362572,11.6369337,10.0,0.61,11.0,0.0,4,0.986114502,0.0,0.0,0.0,0.0,0.0,-20.879304885864258,-45.649105072021484,265.28509521484375,-31.30307147993341,145.3077068914882,265.2852933621034
AM1_MT_Grenfell_1.0049,10.0310097,5.95000796,9.91,0.22,6.0,0.0,4,1.33602905,0.0,0.0,0.0,0.0,0.0,24.939538955688477,55.99884033203125,263.1918640136719,-31.302154735658352,145.30818815496298,263.1921595307067
AM1_MT_Grenfell_1.0232,9.87017632,7.50446171,9.89,0.06,8.0,0.0,4,2.37591553,0.0,0.0,0.0,0.0,0.0,-24.15807342529297,17.44626808166504,264.09600830078125,-31.302502434349424,145.30767245386963,264.0960779627785
AM1_MT_Grenfell_1.0773,8.85101986,5.77270389,8.94,0.2,6.0,0.0,4,1.29595947,0.0,0.0,0.0,0.0,0.0,5.235686779022217,27.684490203857422,262.51214599609375,-31.30241009787386,145.30798119433092,262.5122084636241
AM1_MT_Grenfell_1.0382,8.68695927,7.970322670000001,8.7,0.19,6.0,1.0,4,2.24169922,0.0,0.0,0.0,0.0,0.0,9.723057746887207,-46.93877029418945,266.5080261230469,-31.30308311124994,145.30802832853908,266.5082069290802
AM1_MT_Grenfell_1.0686,8.67782688,6.0360979299999995,8.65,0.84,5.0,1.0,4,3.57345581,0.0,0.0,0.0,0.0,0.0,-42.859657287597656,54.014793395996094,262.1289367675781,-31.302172628814706,145.3074760212144,262.12931026145816
AM1_MT_Grenfell_1.0480,8.12216568,10.029164699999999,8.0,0.45,10.0,1.0,4,0.995056152,0.0,0.0,0.0,0.0,0.0,-30.1832332611084,54.80546569824219,262.47259521484375,-31.30216549830776,145.30760916900695,262.47290296293795
AM1_MT_Grenfell_1.0074,7.6587224,8.671430500000001,7.57,0.32,8.0,0.0,4,1.26766968,0.0,0.0,0.0,0.0,0.0,-41.7942008972168,30.15123176574707,263.22039794921875,-31.302387850069124,145.30748721139116,263.22060630004853
AM1_MT_Grenfell_1.0810,7.09432983,3.59342843,6.86,0.68,6.0,2.0,4,2.36444092,0.0,0.0,0.0,0.0,0.0,73.52613067626953,20.807392120361328,268.0414733886719,-31.302472119032057,145.30869848962126,268.04193085990846
AM1_MT_Grenfell_1.0350,7.08863306,9.93293598,7.13,0.14,10.0,1.0,4,0.1769104,0.0,0.0,0.0,0.0,0.0,-26.943225860595703,55.70404052734375,262.82647705078125,-31.302157394330816,145.30764320069835,262.8267781184986
AM1_MT_Grenfell_1.0567,6.22121525,5.52975759,6.14,0.11,5.0,0.0,4,1.82870483,0.0,0.0,0.0,0.0,0.0,2.094576835632324,12.397703170776367,264.4975280761719,-31.30254796668806,145.3079482013962,264.4975405158475
AM1_MT_Grenfell_1.0287,5.67706966,9.208092090000001,4.68,1.41,9.0,1.0,2,0.235473633,0.0,0.0,0.0,0.0,0.0,-4.033185005187988,39.527992248535156,263.28125,-31.302303283515386,145.30788383786935,263.28137424588203
AM1_MT_Grenfell_1.0451,5.45783854,4.7748711,5.68,0.35,5.0,1.0,4,2.75656128,0.0,0.0,0.0,0.0,0.0,-40.543582916259766,54.75739288330078,262.0035095214844,-31.30216593151664,145.30750034829356,262.0038742441684
AM1_MT_Grenfell_1.0223,5.18301964,4.543769360000001,4.88,0.57,5.0,0.0,4,0.994934082,0.0,0.0,0.0,0.0,0.0,22.0311279296875,25.498126983642578,263.936279296875,-31.302429816143626,145.3081576069101,263.9363684793934
AM1_MT_Grenfell_1.0804,4.99619484,4.334577550000001,4.93,0.13,4.0,0.0,4,1.89019775,0.0,0.0,0.0,0.0,0.0,5.7999067306518555,7.346776962280273,265.22906494140625,-31.302593520058824,145.30798712076327,265.22907182294875
AM1_MT_Grenfell_1.0918,4.36708069,5.251445619999999,4.45,0.14,5.0,0.0,4,1.23272705,0.0,0.0,0.0,0.0,0.0,5.217870712280273,8.436232566833496,265.0583801269531,-31.302583694460715,145.30798100727674,265.05838785879314
AM1_MT_Grenfell_1.0421,4.31684828,4.78828549,4.23,0.18,5.0,0.0,4,0.704681396,0.0,0.0,0.0,0.0,0.0,-60.61665725708008,-18.913557052612305,263.9153137207031,-31.30283035562675,145.30728950501546,263.91562964580953
AM1_MT_Grenfell_1.0670,4.22053862,4.05312181,4.13,0.22,5.0,1.0,4,1.75506592,0.0,0.0,0.0,0.0,0.0,31.51953887939453,-21.89362907409668,267.1819763183594,-31.302857233400182,145.3082572707006,267.1820918507874
AM1_MT_Grenfell_1.0729,4.13494444,4.84333709,3.94,0.3,4.0,0.0,4,2.34567261,0.0,0.0,0.0,0.0,0.0,-5.22967529296875,-87.366455078125,265.7630310058594,-31.303447721079426,145.30787126978802,265.7636338863522
AM1_MT_Grenfell_1.0369,3.95611858,6.97764531,3.94,0.17,7.000000000000001,0.0,4,0.975006104,0.0,0.0,0.0,0.0,0.0,32.200016021728516,-10.912262916564941,267.1385803222656,-31.30275819450348,145.30826441783685,267.1386708971113
AM1_MT_Grenfell_1.0850,3.82723117,5.78864701,4.37,1.09,6.0,1.0,4,0.949584961,0.0,0.0,0.0,0.0,0.0,-52.458866119384766,0.9289240837097168,263.7869873046875,-31.302651400318517,145.30737519257588,263.7872028974816
AM1_MT_Grenfell_1.0843,3.61421418,4.35899235,3.68,0.18,4.0,1.0,4,1.54486084,0.0,0.0,0.0,0.0,0.0,39.73625564575195,-57.49617385864258,268.0506591796875,-31.30317832573151,145.3083435775034,268.05104302149266
AM1_MT_Grenfell_1.0145,3.57423902,5.8428172,3.48,0.18,6.0,0.0,4,0.889587402,0.0,0.0,0.0,0.0,0.0,-51.53587341308594,2.7435882091522217,263.7796325683594,-31.30263503423565,145.30738488743705,263.7798411687836
AM1_MT_Grenfell_1.0340,3.55972099,6.04054146,4.4,1.08,7.000000000000001,1.0,4,1.09820557,0.0,0.0,0.0,0.0,0.0,-2.0314228534698486,-76.0145263671875,266.14697265625,-31.303345340121695,145.30790486332526,266.14742774609476
AM1_MT_Grenfell_1.0516,3.25031614,5.63839413,3.21,0.14,6.0,0.0,4,1.01669312,0.0,0.0,0.0,0.0,0.0,-21.662050247192383,-45.113746643066406,265.08154296875,-31.303066651633785,145.30769866979514,265.0817399006337
AM1_MT_Grenfell_1.0528,3.03010678,4.270248489999999,3.07,0.11,4.0,0.0,4,1.05712891,0.0,0.0,0.0,0.0,0.0,-60.980010986328125,-17.6698055267334,263.6976013183594,-31.302819138446093,145.30728568853144,263.6979171251878
AM1_MT_Grenfell_1.0322,3.02332354,5.2242111399999995,3.09,0.19,5.0,1.0,4,1.37472534,0.0,0.0,0.0,0.0,0.0,21.497802734375,55.446754455566406,262.9187927246094,-31.30215971486796,145.30815200446796,262.9190708817914
AM1_MT_Grenfell_1.0298,2.04000211,7.01578781,2.19,0.62,7.000000000000001,1.0,3,0.0136108398,0.0,0.0,0.0,0.0,0.0,28.4796142578125,-24.796165466308594,267.28863525390625,-31.302883410905043,145.308225340501,267.28874716628343
AM1_MT_Grenfell_1.0706,1.7849052,5.13664857,1.92,0.5,5.0,1.0,4,1.17230225,0.0,0.0,0.0,0.0,0.0,38.91447448730469,-61.95012664794922,268.2835388183594,-31.30321849509448,145.3083349459394,268.28395946882665
AM1_MT_Grenfell_1.0785,1.56257272,4.1027542200000005,1.56,0.03,4.0,0.0,4,1.30038452,0.0,0.0,0.0,0.0,0.0,26.78568458557129,-11.496512413024902,266.63616943359375,-31.302763463885384,145.30820754773933,266.6362360268831
AM1_MT_Grenfell_1.0742,1.12492049,5.95943816,1.12,,6.0,,1,0.0408935547,0.0,0.0,0.0,0.0,0.0,72.46708679199219,20.65749740600586,267.6644592285156,-31.30247347095958,145.3086873659069,267.66490410175174
AM1_MT_Grenfell_1.0564,0.718609393,5.5974334500000005,0.79,0.12,6.0,0.0,4,-0.00164794922,0.0,0.0,0.0,0.0,0.0,55.76898193359375,-29.452423095703125,268.4027404785156,-31.302925403782627,145.30851197845797,268.4030523346737
AM1_MT_Grenfell_1.0525,0.625250399,5.47570996,0.63,,5.0,,1,0.123687744,0.0,0.0,0.0,0.0,0.0,47.193172454833984,-25.67201805114746,268.0577087402344,-31.302891309418513,145.30842190103343,268.05793504044414
AM1_MT_Grenfell_1.0154,0.565190554,4.19012755,0.57,,4.0,,1,0.00796508789,0.0,0.0,0.0,0.0,0.0,21.66026496887207,-25.543119430541992,266.9005126953125,-31.302890147703295,145.30815371251467,266.90060079004616
AM1_MT_Grenfell_1.0925,0.42433852,3.6195959899999997,0.42,,4.0,,1,-0.00604248047,0.0,0.0,0.0,0.0,0.0,-16.51268768310547,19.77569580078125,263.80810546875,-31.302481425792585,145.30775275802642,263.8081576023251
AM1_MT_Grenfell_1.0000,0.383743852,4.50779423,0.4,0.05,4.0,0.0,3,0.0398864746,0.0,0.0,0.0,0.0,0.0,44.57267379760742,-29.795055389404297,267.7299499511719,-31.302928494429267,145.30839437645767,267.7301754169166
AM1_MT_Grenfell_1.0506,0.305707872,2.35078298,0.35,0.1,3.0,1.0,4,0.459320068,0.0,0.0,0.0,0.0,0.0,-34.44615173339844,9.696905136108398,264.1822509765625,-31.302572324177405,145.30756439167757,264.18235130328685
AM1_MT_Grenfell_1.0050,0.233421966,3.5672724199999997,0.23,0.03,4.0,0.0,4,0.0573120117,0.0,0.0,0.0,0.0,0.0,18.53209114074707,-56.18317794799805,266.8127746582031,-31.30316648469972,145.30812085585723,266.8130499878898
AM1_MT_Grenfell_1.0065,0.232203245,2.28528641,0.24,0.01,2.0,0.0,3,0.00219726562,0.0,0.0,0.0,0.0,0.0,-10.410861015319824,-63.05659484863281,265.8133850097656,-31.303228474945975,145.30781684837513,265.81370643526316
AM1_MT_Grenfell_1.0280,0.180930972,3.66806313,0.21,0.05,4.0,0.0,3,0.00119018555,0.0,0.0,0.0,0.0,0.0,-23.634122848510742,-59.81058883666992,265.0218811035156,-31.303199199696834,145.3076779554498,265.0222063958645
AM1_MT_Grenfell_1.0189,0.130327895,2.23034453,0.13,,2.0,,1,0.00329589844,0.0,0.0,0.0,0.0,0.0,38.54581832885742,4.863135814666748,265.96337890625,-31.3026159189408,145.30833107126395,265.9634971311316
AM1_MT_Grenfell_1.0195,0.04014723,1.50829377,0.04,0.0,1.0,0.0,2,0.147705078,0.0,0.0,0.0,0.0,0.0,30.353652954101562,-24.35425567626953,267.25006103515625,-31.302879425357748,145.30824502472456,267.25017987471074
AM1_MT_Grenfell_1.0833,0.0301001947,0.999999978,0.04,0.02,1.0,0.0,3,0.152160645,0.0,0.0,0.0,0.0,0.0,49.4752311706543,29.94732093811035,265.22735595703125,-31.302389688888073,145.30844586844196,265.22761825006455
